filename,file_size,file_attributes,region_count,region_id,region_shape_attributes,region_attributes
2. connecticut-sell-damaged-car.jpg,82352,"{""caption"":"""",""public_domain"":""no"",""image_url"":""""}",1,0,"{""name"":""polygon"",""all_points_x"":[331,411,543,667,773,852,896,890,801,759,685,646,571,548,311,284,301],""all_points_y"":[234,215,226,270,353,436,510,556,570,573,574,568,468,450,359,314,262]}","{""name"":""not_defined"",""type"":""unknown"",""image_quality"":{""good"":true,""frontal"":true,""good_illumination"":true}}"
3. 635490615641330572-dentedcar.jpg,93663,"{""caption"":"""",""public_domain"":""no"",""image_url"":""""}",1,0,"{""name"":""polygon"",""all_points_x"":[254,289,326,372,559,682,709,696,651,621,617,599,537,498,446,378,328,254],""all_points_y"":[479,339,281,256,251,361,462,528,612,682,776,815,799,768,774,787,780,478]}","{""name"":""not_defined"",""type"":""unknown"",""image_quality"":{""good"":true,""frontal"":true,""good_illumination"":true}}"
4. money_dented-bumper.jpg,67925,"{""caption"":"""",""public_domain"":""no"",""image_url"":""""}",1,0,"{""name"":""polygon"",""all_points_x"":[487,482,509,537,582,632,659,684,701,688,690,690,659,634,603,564,521,504],""all_points_y"":[498,418,300,215,145,148,181,198,226,336,457,535,585,628,629,603,562,543]}","{""name"":""not_defined"",""type"":""unknown"",""image_quality"":{""good"":true,""frontal"":true,""good_illumination"":true}}"
5. damage-categories.jpg,77069,"{""caption"":"""",""public_domain"":""no"",""image_url"":""""}",1,0,"{""name"":""polygon"",""all_points_x"":[624,702,765,863,937,990,1021,1022,621,628,649,601,590],""all_points_y"":[418,400,403,418,446,481,506,735,785,709,667,606,464]}","{""name"":""not_defined"",""type"":""unknown"",""image_quality"":{""good"":true,""frontal"":true,""good_illumination"":true}}"
7. types-of-car-body-damage-846x635.jpg,94607,"{""caption"":"""",""public_domain"":""no"",""image_url"":""""}",2,0,"{""name"":""polygon"",""all_points_x"":[729,723,715,745,751,774,787,802,791,796,796,798,785,771,760,752,738],""all_points_y"":[674,637,629,621,596,590,587,588,623,643,668,682,685,679,699,699,688]}","{""name"":""not_defined"",""type"":""unknown"",""image_quality"":{""good"":true,""frontal"":true,""good_illumination"":true}}"
7. types-of-car-body-damage-846x635.jpg,94607,"{""caption"":"""",""public_domain"":""no"",""image_url"":""""}",2,1,"{""name"":""polygon"",""all_points_x"":[534,531,542,553,584,593,615,638,640,642,662,670,688,709,734,735,740,743,749,749,746,734,743,738,724,709,673,657,629,587,557,539],""all_points_y"":[350,400,418,443,478,481,464,475,495,520,537,564,574,581,584,553,514,478,450,428,400,378,354,331,320,309,354,343,357,357,347,351]}","{""name"":""not_defined"",""type"":""unknown"",""image_quality"":{""good"":true,""frontal"":true,""good_illumination"":true}}"
13. car-accident-attorney.jpg,223388,"{""caption"":"""",""public_domain"":""no"",""image_url"":""""}",4,0,"{""name"":""polygon"",""all_points_x"":[12,72,67,72,76,69,59,58,78,89,123,126,159,197,209,292,412,521,628,688,685,710,718,721,709,676,682,687,732,737,720,688,665,643,637,651,657,643,624,601,579,570,564,559,479,470,423,386,359,311,233,189,128,116,87,72,19,5,8],""all_points_y"":[849,840,788,743,699,679,649,631,610,606,603,637,637,620,615,631,643,637,626,626,649,654,654,701,712,712,756,762,799,809,857,930,966,955,933,910,888,885,887,901,930,948,980,997,935,943,952,971,976,987,996,999,1005,1024,1024,1022,891,868,849]}","{""name"":""not_defined"",""type"":""unknown"",""image_quality"":{""good"":true,""frontal"":true,""good_illumination"":true}}"
13. car-accident-attorney.jpg,223388,"{""caption"":"""",""public_domain"":""no"",""image_url"":""""}",4,1,"{""name"":""polygon"",""all_points_x"":[159,181,194,211,217,214,209,212,204,184,167,147,134,128,120,144,147,151],""all_points_y"":[506,496,496,510,523,554,564,584,593,610,621,626,621,587,578,545,523,518]}","{""name"":""not_defined"",""type"":""unknown"",""image_quality"":{""good"":true,""frontal"":true,""good_illumination"":true}}"
13. car-accident-attorney.jpg,223388,"{""caption"":"""",""public_domain"":""no"",""image_url"":""""}",4,2,"{""name"":""polygon"",""all_points_x"":[367,370,373,396,426,446,475,503,500,528,554,568,532,518,507,534,557,571,551,517,495,478,484,496,465,437,414,396,400,404],""all_points_y"":[562,554,543,524,506,500,504,500,495,492,489,493,521,531,543,543,545,556,568,578,581,587,606,624,631,635,634,624,596,585]}","{""name"":""not_defined"",""type"":""unknown"",""image_quality"":{""good"":true,""frontal"":true,""good_illumination"":true}}"
13. car-accident-attorney.jpg,223388,"{""caption"":"""",""public_domain"":""no"",""image_url"":""""}",4,3,"{""name"":""polygon"",""all_points_x"":[574,568,584,618,665,681,687,681,668,635,603,584,571],""all_points_y"":[365,376,406,420,414,401,373,351,339,337,336,343,356]}","{""name"":""not_defined"",""type"":""unknown"",""image_quality"":{""good"":true,""frontal"":true,""good_illumination"":true}}"
14. qesyjeyxu8ah3cka0ldb.jpg,102535,"{""caption"":"""",""public_domain"":""no"",""image_url"":""""}",1,0,"{""name"":""polygon"",""all_points_x"":[147,147,155,165,197,231,290,325,332,311,325,328,323,334,334,265,245,242,220,209,208,190,172,156,147],""all_points_y"":[649,682,710,762,798,840,843,824,785,745,716,693,665,649,618,564,581,598,642,635,623,606,606,615,631]}","{""name"":""not_defined"",""type"":""unknown"",""image_quality"":{""good"":true,""frontal"":true,""good_illumination"":true}}"
15. 39504259%20totaled%20car.jpg,131797,"{""caption"":"""",""public_domain"":""no"",""image_url"":""""}",1,0,"{""name"":""polygon"",""all_points_x"":[169,162,175,192,183,181,162,147,134,139,136,155,167,175,186,190,195,190,197,198,233,682,754,756,743,765,760,762,796,807,809,813,829,841,843,838,820,809,815,812,818,827,829,862,898,915,926,926,915,905,894,887,873,855,795,746,709,663,643,615,584,510,465,431,384,345,314,297,233,209,197],""all_points_y"":[784,768,731,674,624,579,531,487,471,429,384,345,322,320,362,382,387,356,326,293,290,219,240,275,323,339,368,384,457,487,500,512,521,553,578,610,649,662,674,698,716,735,756,754,741,709,667,643,759,805,848,874,912,955,965,962,949,933,932,927,932,949,949,949,944,943,944,951,879,868,849]}","{""name"":""not_defined"",""type"":""unknown"",""image_quality"":{""good"":true,""frontal"":true,""good_illumination"":true}}"
17. damage-car-front-side-accident-43053232.jpg,178421,"{""caption"":"""",""public_domain"":""no"",""image_url"":""""}",2,0,"{""name"":""polygon"",""all_points_x"":[37,41,41,47,56,73,92,116,131,100,75],""all_points_y"":[236,254,267,283,295,309,306,293,275,239,231]}","{""name"":""not_defined"",""type"":""unknown"",""image_quality"":{""good"":true,""frontal"":true,""good_illumination"":true}}"
17. damage-car-front-side-accident-43053232.jpg,178421,"{""caption"":"""",""public_domain"":""no"",""image_url"":""""}",2,1,"{""name"":""polygon"",""all_points_x"":[258,258,259,265,278,300,322,347,357,386,431,467,509,551,571,603,637,643,679,690,702,715,726,756,793,771,768,774,779,796,821,829,843,854,902,924,930,935,943,946,946,941,935,929,919,904,891,891,869,855,863,862,851,837,821,802,765,718,677,628,573,553,520,501,428,347,314,283,264,267,273],""all_points_y"":[234,265,281,300,323,343,361,375,375,373,375,382,400,425,443,470,500,506,546,564,585,621,663,688,649,674,693,712,732,735,749,724,712,699,662,642,604,581,548,523,487,460,426,387,351,314,293,287,262,254,244,226,212,187,165,145,133,130,131,131,131,109,145,137,145,175,187,200,209,220,225]}","{""name"":""not_defined"",""type"":""unknown"",""image_quality"":{""good"":true,""frontal"":true,""good_illumination"":true}}"
18. gettyimages-90201033-58d2cd183df78c5162261e89.jpg,77809,"{""caption"":"""",""public_domain"":""no"",""image_url"":""""}",1,0,"{""name"":""polygon"",""all_points_x"":[165,228,286,359,396,437,473,492,501,490,481,484,493,396,345,328,315,297,278,256,233,209,198,190,197,195,195,190,184,186,189,190,190],""all_points_y"":[467,475,471,479,481,485,481,456,454,481,500,515,540,603,620,618,617,612,612,609,601,601,601,596,556,543,524,512,503,490,484,476,475]}","{""name"":""not_defined"",""type"":""unknown"",""image_quality"":{""good"":true,""frontal"":true,""good_illumination"":true}}"
19. auto-accident[2].jpg,66972,"{""caption"":"""",""public_domain"":""no"",""image_url"":""""}",1,0,"{""name"":""polygon"",""all_points_x"":[142,176,242,308,400,476,565,592,773,681,665,685,702,715,740,740,702,659,643,634,613,624,621,545,559,584,615,663,684,652,578,545,521,459,421,384,361,347,322,326,245,184,128,106,92,78,78,75,94,106,105,103,103,105,109,120,131,140,144],""all_points_y"":[236,217,190,164,134,117,100,95,192,244,256,286,325,370,400,418,393,393,401,417,476,479,492,524,556,581,638,702,737,757,816,816,793,713,687,659,659,640,635,617,637,642,626,609,581,534,503,450,423,401,381,368,343,318,293,275,258,253,251]}","{""name"":""not_defined"",""type"":""unknown"",""image_quality"":{""good"":true,""frontal"":true,""good_illumination"":true}}"
20. traffic-accident-car-damage-to-the-bodywork-detail-opel-astra-traffic-h3ybym.jpg,129227,"{""caption"":"""",""public_domain"":""no"",""image_url"":""""}",3,0,"{""name"":""polygon"",""all_points_x"":[801,824,841,854,865,880,898,905,884,880,841,824,809,795,795],""all_points_y"":[556,553,553,557,543,545,553,559,568,578,593,585,587,573,571]}","{""name"":""not_defined"",""type"":""unknown"",""image_quality"":{""good"":true,""frontal"":true,""good_illumination"":true}}"
20. traffic-accident-car-damage-to-the-bodywork-detail-opel-astra-traffic-h3ybym.jpg,129227,"{""caption"":"""",""public_domain"":""no"",""image_url"":""""}",3,1,"{""name"":""polygon"",""all_points_x"":[22,37,61,81,116,133,147,159,180,198,223,239,259,290,317,384,396,415,431,446,462,484,465,462,457,407,384,365,339,317,308,286,262,242,200,197,189,173,111,95,86,53,52,31,14,5,8,8,9],""all_points_y"":[100,89,92,97,106,105,103,92,81,72,62,56,56,59,83,114,120,125,131,142,150,165,197,200,214,206,194,183,170,159,156,140,136,133,144,150,150,150,137,139,155,190,201,192,180,162,148,130,117]}","{""name"":""not_defined"",""type"":""unknown"",""image_quality"":{""good"":true,""frontal"":true,""good_illumination"":true}}"
20. traffic-accident-car-damage-to-the-bodywork-detail-opel-astra-traffic-h3ybym.jpg,129227,"{""caption"":"""",""public_domain"":""no"",""image_url"":""""}",3,2,"{""name"":""polygon"",""all_points_x"":[283,336,361,390,450,465,517,537,615,646,701,737,765,746,702,690,651,629,606,549,504,481,470,454,437,384,379,350,317,309,289,268,253,239,223,239,318,343,339,323,312,301,287,284,286,286,289,289],""all_points_y"":[290,293,312,343,390,395,418,420,432,437,450,451,473,489,545,562,581,593,604,629,651,674,693,702,706,692,671,607,565,545,518,493,471,456,440,434,442,442,401,389,404,407,387,368,361,342,326,315]}","{""name"":""not_defined"",""type"":""unknown"",""image_quality"":{""good"":true,""frontal"":true,""good_illumination"":true}}"
21. transport-traffic-car-crash-108272744-57e42b2f5f9b586c35a106a4.jpg,76739,"{""caption"":"""",""public_domain"":""no"",""image_url"":""""}",1,0,"{""name"":""polygon"",""all_points_x"":[629,626,617,613,613,604,631,640,646,652,634,671,727,743,759,759,751,734,718,712,692],""all_points_y"":[275,304,337,365,395,420,489,518,546,562,574,620,662,626,537,507,456,407,382,357,342]}","{""name"":""not_defined"",""type"":""unknown"",""image_quality"":{""good"":true,""frontal"":true,""good_illumination"":true}}"
22. california-sell-damaged-car.jpg,87386,"{""caption"":"""",""public_domain"":""no"",""image_url"":""""}",2,0,"{""name"":""polygon"",""all_points_x"":[504,537,559,585,612,628,654,670,673,677,662,662,656,651,632,604,582,551,532,510,492,485,490,493],""all_points_y"":[475,473,479,481,485,485,487,475,470,481,510,531,553,568,581,587,587,579,576,573,568,537,521,500]}","{""name"":""not_defined"",""type"":""unknown"",""image_quality"":{""good"":true,""frontal"":true,""good_illumination"":true}}"
22. california-sell-damaged-car.jpg,87386,"{""caption"":"""",""public_domain"":""no"",""image_url"":""""}",2,1,"{""name"":""polygon"",""all_points_x"":[190,204,226,250,272,290,308,303,342,390,440,496,553,584,620,640,684,727,752,773,787,791,823,834,846,859,846,832,813,796,765,743,721,710,667,657,657,652,649,634,609,581,549,534,521,512,490,475,375,314,240,200],""all_points_y"":[450,412,386,356,331,314,309,287,254,228,206,192,181,178,175,181,159,150,150,162,187,208,248,259,272,281,303,314,318,320,312,312,315,326,354,362,381,395,404,412,421,431,432,436,437,439,456,456,464,467,464,462]}","{""name"":""not_defined"",""type"":""unknown"",""image_quality"":{""good"":true,""frontal"":true,""good_illumination"":true}}"
24. sixt_faqs_commercial_claims_damage.jpg,84674,"{""caption"":"""",""public_domain"":""no"",""image_url"":""""}",2,0,"{""name"":""polygon"",""all_points_x"":[526,540,557,570,571,590,617,631,643,667,696,710,734,746,752,752,759,770,795,816,829,837,801,771,710,677,632,612,570,542,528],""all_points_y"":[805,821,838,849,823,829,849,863,877,912,927,929,937,938,921,908,902,887,880,874,871,859,834,835,835,827,798,793,785,777,762]}","{""name"":""not_defined"",""type"":""unknown"",""image_quality"":{""good"":true,""frontal"":true,""good_illumination"":true}}"
24. sixt_faqs_commercial_claims_damage.jpg,84674,"{""caption"":"""",""public_domain"":""no"",""image_url"":""""}",2,1,"{""name"":""polygon"",""all_points_x"":[484,485,484,495,518,529,554,578,651,713,779,863,910,944,963,983,1008,1021,999,951,898,771,673,598,532,498],""all_points_y"":[258,172,123,98,67,52,55,56,87,126,180,262,325,362,417,468,512,543,599,607,599,578,549,523,503,481]}","{""name"":""not_defined"",""type"":""unknown"",""image_quality"":{""good"":true,""frontal"":true,""good_illumination"":true}}"
25. using-location-of-car-accident-damage-for-fault.jpg,105447,"{""caption"":"""",""public_domain"":""no"",""image_url"":""""}",8,0,"{""name"":""polygon"",""all_points_x"":[28,39,52,76,103,120,134,151,173,170,180,180,172,117,101,83,72],""all_points_y"":[145,153,153,150,145,136,116,112,76,56,39,19,11,3,8,25,44]}","{""name"":""not_defined"",""type"":""unknown"",""image_quality"":{""good"":true,""frontal"":true,""good_illumination"":true}}"
25. using-location-of-car-accident-damage-for-fault.jpg,105447,"{""caption"":"""",""public_domain"":""no"",""image_url"":""""}",8,1,"{""name"":""polygon"",""all_points_x"":[108,94,94,91,81,78,72,100,116,122,128,126,125,128,134,134,133,133],""all_points_y"":[247,268,289,322,395,418,451,507,495,465,426,387,351,317,287,261,239,231]}","{""name"":""not_defined"",""type"":""unknown"",""image_quality"":{""good"":true,""frontal"":true,""good_illumination"":true}}"
25. using-location-of-car-accident-damage-for-fault.jpg,105447,"{""caption"":"""",""public_domain"":""no"",""image_url"":""""}",8,2,"{""name"":""polygon"",""all_points_x"":[317,339,365,389,387,386,387,389,390,393,392,389,384,356,339,303,304,298,303],""all_points_y"":[648,648,648,674,699,738,771,793,818,848,871,891,905,930,919,908,880,816,787]}","{""name"":""not_defined"",""type"":""unknown"",""image_quality"":{""good"":true,""frontal"":true,""good_illumination"":true}}"
25. using-location-of-car-accident-damage-for-fault.jpg,105447,"{""caption"":"""",""public_domain"":""no"",""image_url"":""""}",8,3,"{""name"":""polygon"",""all_points_x"":[507,568,584,609,645,673,665,643,665,685,696,692,677,632,618,596,588,573,534,512,485,475,484],""all_points_y"":[901,918,918,918,923,924,954,962,988,993,1007,1018,1018,996,990,974,980,980,966,955,930,915,907]}","{""name"":""not_defined"",""type"":""unknown"",""image_quality"":{""good"":true,""frontal"":true,""good_illumination"":true}}"
25. using-location-of-car-accident-damage-for-fault.jpg,105447,"{""caption"":"""",""public_domain"":""no"",""image_url"":""""}",8,4,"{""name"":""polygon"",""all_points_x"":[955,940,915,888,891,877,890,884,888,888,890,893,896,902,902,901,901,921,930,938,951],""all_points_y"":[98,114,145,167,217,259,308,334,381,400,414,436,456,468,481,503,518,534,539,574,585]}","{""name"":""not_defined"",""type"":""unknown"",""image_quality"":{""good"":true,""frontal"":true,""good_illumination"":true}}"
25. using-location-of-car-accident-damage-for-fault.jpg,105447,"{""caption"":"""",""public_domain"":""no"",""image_url"":""""}",8,5,"{""name"":""polygon"",""all_points_x"":[933,901,887,887,885,905,910,912,905,890,884,877,877,879,879,874,874,924],""all_points_y"":[768,791,812,824,849,879,893,907,916,924,933,954,971,985,1002,1012,1018,1018]}","{""name"":""not_defined"",""type"":""unknown"",""image_quality"":{""good"":true,""frontal"":true,""good_illumination"":true}}"
25. using-location-of-car-accident-damage-for-fault.jpg,105447,"{""caption"":"""",""public_domain"":""no"",""image_url"":""""}",8,6,"{""name"":""polygon"",""all_points_x"":[999,1015,1016,1019,1005,1002],""all_points_y"":[176,175,175,429,431,418]}","{""name"":""not_defined"",""type"":""unknown"",""image_quality"":{""good"":true,""frontal"":true,""good_illumination"":true}}"
25. using-location-of-car-accident-damage-for-fault.jpg,105447,"{""caption"":"""",""public_domain"":""no"",""image_url"":""""}",8,7,"{""name"":""polygon"",""all_points_x"":[716,745,776,801,830,852,863,860,871,871,840,826,798,773,757,738,726,713,710],""all_points_y"":[262,247,222,201,178,162,170,195,214,225,256,268,281,290,295,300,303,293,289]}","{""name"":""not_defined"",""type"":""unknown"",""image_quality"":{""good"":true,""frontal"":true,""good_illumination"":true}}"
27. car-accident-damage.jpg,98969,"{""caption"":"""",""public_domain"":""no"",""image_url"":""""}",4,0,"{""name"":""polygon"",""all_points_x"":[640,665,676,693,716,740,790,809,818,796,748,727,667,656,640,634,628,621,621],""all_points_y"":[699,693,693,699,710,718,741,743,749,788,840,843,848,834,829,805,766,737,731]}","{""name"":""not_defined"",""type"":""unknown"",""image_quality"":{""good"":true,""frontal"":true,""good_illumination"":true}}"
27. car-accident-damage.jpg,98969,"{""caption"":"""",""public_domain"":""no"",""image_url"":""""}",4,1,"{""name"":""polygon"",""all_points_x"":[176,192,187,206,212,231,253,315,318,326,326,325,303,298,276,272,270,272,270,265,258,245,228],""all_points_y"":[368,343,329,306,295,267,267,276,293,315,329,343,354,356,350,354,367,381,389,400,403,403,403]}","{""name"":""not_defined"",""type"":""unknown"",""image_quality"":{""good"":true,""frontal"":true,""good_illumination"":true}}"
27. car-accident-damage.jpg,98969,"{""caption"":"""",""public_domain"":""no"",""image_url"":""""}",4,2,"{""name"":""polygon"",""all_points_x"":[187,236,261,272,283,284,276,279,308,372,395,409,425,457,498,571,632,660,734,780,801,821,846,855,840,796,729,640,628,628,626,621,624,634,624,599,534,528,485,439,396,345,328,315,293,290,279,267,247,239,220],""all_points_y"":[434,439,445,434,421,400,367,362,362,384,386,387,407,418,434,440,431,429,431,448,462,484,514,539,567,565,551,540,559,579,598,618,652,665,671,704,724,727,727,713,709,710,712,712,687,649,604,578,535,503,476]}","{""name"":""not_defined"",""type"":""unknown"",""image_quality"":{""good"":true,""frontal"":true,""good_illumination"":true}}"
27. car-accident-damage.jpg,98969,"{""caption"":"""",""public_domain"":""no"",""image_url"":""""}",4,3,"{""name"":""polygon"",""all_points_x"":[309,325,336,345,345,353,347,340,350,350,364,373,384,387,390,415,420,428,437,467,481,503,515,535,557,578,598,615,640,654,671,698,713,745,760,776,790,815,793,721,702,665,620,596,540,496,443,404,362,354],""all_points_y"":[92,114,136,151,170,219,236,264,323,343,350,357,365,365,343,304,293,276,256,231,226,226,226,225,219,211,208,208,200,197,197,192,194,200,203,208,212,226,201,169,162,164,162,159,159,158,158,137,111,109]}","{""name"":""not_defined"",""type"":""unknown"",""image_quality"":{""good"":true,""frontal"":true,""good_illumination"":true}}"
28. can-i-sue-for-minor-damages-to-my-car-1.jpg,91751,"{""caption"":"""",""public_domain"":""no"",""image_url"":""""}",2,0,"{""name"":""polygon"",""all_points_x"":[303,315,342,339,343,356,389,415,423,384,379,398,409,404,384,372,334,290,272,281,309,314,311,303,297,240,212,172,128,97,72,62,59,53,56,47,47,45,47,48,73,86,116,134,156,173,178,194,203,215,253,267],""all_points_y"":[393,404,437,460,481,487,498,520,542,551,579,606,642,671,701,724,738,749,757,771,827,866,887,921,962,1018,1013,1010,1012,1010,1005,994,948,926,873,843,818,788,768,743,724,688,681,674,673,643,613,556,539,517,475,453]}","{""name"":""not_defined"",""type"":""unknown"",""image_quality"":{""good"":true,""frontal"":true,""good_illumination"":true}}"
28. can-i-sue-for-minor-damages-to-my-car-1.jpg,91751,"{""caption"":"""",""public_domain"":""no"",""image_url"":""""}",2,1,"{""name"":""polygon"",""all_points_x"":[151,158,155,159,145,75,73,92,108,109],""all_points_y"":[236,250,281,306,347,389,351,323,275,259]}","{""name"":""not_defined"",""type"":""unknown"",""image_quality"":{""good"":true,""frontal"":true,""good_illumination"":true}}"
29. vehicle-damage.jpg,81067,"{""caption"":"""",""public_domain"":""no"",""image_url"":""""}",1,0,"{""name"":""polygon"",""all_points_x"":[337,396,442,493,543,599,646,670,701,727,762,777,793,802,809,759,668,560,570,638,643,654,651,648,643,560,528,465,434,403,339,337,322,323,326,284,272,287,309,293,248,250,245,290,306,361,375,356],""all_points_y"":[142,151,161,183,203,231,256,253,275,318,328,393,448,493,521,546,545,562,626,668,668,709,759,793,827,852,852,851,848,843,801,768,713,674,671,617,585,535,534,507,471,426,393,350,342,322,318,240]}","{""name"":""not_defined"",""type"":""unknown"",""image_quality"":{""good"":true,""frontal"":true,""good_illumination"":true}}"
32. car-rental-damage-claim.jpg,76248,"{""caption"":"""",""public_domain"":""no"",""image_url"":""""}",1,0,"{""name"":""polygon"",""all_points_x"":[359,354,353,359,365,368,372,368,373,390,403,401,387,375,368],""all_points_y"":[493,526,553,571,596,613,637,656,662,596,562,543,520,504,498]}","{""name"":""not_defined"",""type"":""unknown"",""image_quality"":{""good"":true,""frontal"":true,""good_illumination"":true}}"
33_storm-damage-1531004_960_720.original.jpg,158731,"{""caption"":"""",""public_domain"":""no"",""image_url"":""""}",1,0,"{""name"":""polygon"",""all_points_x"":[155,161,172,170,162,153,159,140,125,117,117,122,136,148,159,169,178,184,197,211,215,236,259,275,297,308,322,337,370,400,428,453,465,515,542,582,603,635,652,681,709,741,768,773,916,933,938,941,941,938,940,968,971,966,965,951,944,927,885,798,741,236],""all_points_y"":[754,679,607,545,485,429,395,396,393,382,372,362,359,356,356,357,336,293,275,254,261,256,256,256,265,276,311,315,315,315,283,265,245,262,281,290,298,314,325,343,372,403,426,418,531,560,588,623,667,702,718,752,763,787,809,834,852,884,924,985,1019,1018]}","{""name"":""not_defined"",""type"":""unknown"",""image_quality"":{""good"":true,""frontal"":true,""good_illumination"":true}}"
34. car.jpg,85425,"{""caption"":"""",""public_domain"":""no"",""image_url"":""""}",1,0,"{""name"":""polygon"",""all_points_x"":[244,261,278,292,306,320,342,375,409,450,478,510,523,529,514,515,521,529,557,559,556,545,548,562,587,610,618,618,609,603,603,603,601,595,590,596,603,609,637,640,670,670,659,634,607,581,573,535,528,509,453,409,390,343,278],""all_points_y"":[283,312,342,351,361,379,450,473,487,500,501,512,535,564,612,640,657,676,679,701,724,804,823,862,865,843,802,746,701,668,640,590,543,500,462,412,384,343,325,315,290,281,268,261,256,242,237,237,240,244,253,265,268,272,272]}","{""name"":""not_defined"",""type"":""unknown"",""image_quality"":{""good"":true,""frontal"":true,""good_illumination"":true}}"
37. car-damage-by-accident-at-malshej-ghat-maharashtra-india-et0y8c.jpg,135436,"{""caption"":"""",""public_domain"":""no"",""image_url"":""""}",1,0,"{""name"":""polygon"",""all_points_x"":[72,80,100,142,153,139,134,131,147,173,203,240,275,309,334,347,368,403,428,445,464,479,495,515,528,534,553,582,568,565,551,501,482,504,493,496,471,446,434,446,485,514,517,478,470,462,459,426,390,378,361,337,309,290,256,233,192,178,148,140,142,136,126,105],""all_points_y"":[510,464,425,403,390,378,337,300,268,275,281,293,297,309,322,336,334,337,343,356,375,379,387,393,401,420,420,407,442,459,467,459,464,484,512,524,524,531,537,542,548,554,565,606,620,637,640,638,631,628,623,612,606,603,599,598,592,588,585,582,579,567,551,534]}","{""name"":""not_defined"",""type"":""unknown"",""image_quality"":{""good"":true,""frontal"":true,""good_illumination"":true}}"
38. single-car-accident.jpg,114946,"{""caption"":"""",""public_domain"":""no"",""image_url"":""""}",1,0,"{""name"":""polygon"",""all_points_x"":[240,267,298,348,445,553,631,690,735,770,795,793,788,780,759,746,734,738,734,735,732,724,726,718,695,665,640,645,621,592,559,501,470,450,429,415,404,378,308,286,284,270,253,236,206,178,167,159,165,169,126,101,83,69,66,59,59,66,58,53,76,125,153,172,153,134,136,140,159,183,209,239,229,228,195,190,173,164,222,234,228,244],""all_points_y"":[200,178,162,147,122,108,100,112,167,211,258,284,293,320,332,350,357,379,407,432,464,487,507,521,531,520,560,584,652,660,656,635,617,606,612,668,677,695,704,679,643,603,551,543,537,520,524,548,565,571,624,681,746,795,807,810,788,762,751,752,656,574,537,506,471,426,382,375,400,415,425,420,396,368,396,398,351,332,300,275,245,222]}","{""name"":""not_defined"",""type"":""unknown"",""image_quality"":{""good"":true,""frontal"":true,""good_illumination"":true}}"
39. 06162016-newlookframedamage-300x199.jpg,91077,"{""caption"":"""",""public_domain"":""no"",""image_url"":""""}",1,0,"{""name"":""polygon"",""all_points_x"":[365,437,528,659,790,896,929,898,835,788,727,706,685,668,665,724,777,834,848,846,834,815,829,827,809,795,779,801,801,790,777,745,543,407,357,350,372,376,373,365,375,378,376,373],""all_points_y"":[223,211,206,215,239,262,276,304,320,339,375,398,437,475,487,492,485,493,501,524,542,557,568,587,603,607,613,628,652,682,706,723,702,712,718,688,671,632,542,456,393,331,250,229]}","{""name"":""not_defined"",""type"":""unknown"",""image_quality"":{""good"":true,""frontal"":true,""good_illumination"":true}}"
40. 22047965_1432352173545887_5694790267270982723_o.jpg,92538,"{""caption"":"""",""public_domain"":""no"",""image_url"":""""}",3,0,"{""name"":""polygon"",""all_points_x"":[197,228,283,308,325,322,317,308,300,290,279,265,222,187,158,125,122,155,155,162],""all_points_y"":[818,799,793,793,813,838,871,899,929,966,983,999,1012,1019,1018,1004,987,908,888,862]}","{""name"":""not_defined"",""type"":""unknown"",""image_quality"":{""good"":true,""frontal"":true,""good_illumination"":true}}"
40. 22047965_1432352173545887_5694790267270982723_o.jpg,92538,"{""caption"":"""",""public_domain"":""no"",""image_url"":""""}",3,1,"{""name"":""polygon"",""all_points_x"":[450,487,521,557,588,626,659,684,690,706,716,721,716,713,667,638,576,553,532,478,478,478,475,451,437],""all_points_y"":[549,531,514,503,501,509,531,567,587,645,651,674,690,706,724,721,707,699,688,668,642,613,584,576,559]}","{""name"":""not_defined"",""type"":""unknown"",""image_quality"":{""good"":true,""frontal"":true,""good_illumination"":true}}"
40. 22047965_1432352173545887_5694790267270982723_o.jpg,92538,"{""caption"":"""",""public_domain"":""no"",""image_url"":""""}",3,2,"{""name"":""polygon"",""all_points_x"":[325,353,368,384,396,414,429,453,473,495,510,540,542,551,551,548,548,537,528,524,514,503,503,484,471,450,407,386,365,336,334],""all_points_y"":[638,642,637,651,662,690,715,743,765,790,832,890,918,955,982,1001,1018,1021,1024,1024,997,962,930,874,832,796,759,732,693,668,651]}","{""name"":""not_defined"",""type"":""unknown"",""image_quality"":{""good"":true,""frontal"":true,""good_illumination"":true}}"
41. car.jpg,80528,"{""caption"":"""",""public_domain"":""no"",""image_url"":""""}",1,0,"{""name"":""polygon"",""all_points_x"":[264,470,534,596,643,677,685,688,688,684,674,674,673,674,642,459,364,308,289,276,265,259,259],""all_points_y"":[443,468,475,465,467,468,482,500,531,564,592,613,651,668,682,737,776,798,799,749,674,587,496]}","{""name"":""not_defined"",""type"":""unknown"",""image_quality"":{""good"":true,""frontal"":true,""good_illumination"":true}}"
42. 415033d1283063776-hit-run-driver-damages-my-parked-car-19082010061.jpg,86398,"{""caption"":"""",""public_domain"":""no"",""image_url"":""""}",1,0,"{""name"":""polygon"",""all_points_x"":[354,393,437,470,521,574,677,715,734,740,740,734,734,740,749,760,765,756,621,409,353,342,334],""all_points_y"":[436,431,412,387,381,368,350,361,382,407,429,450,465,492,496,506,520,532,588,685,707,687,659]}","{""name"":""not_defined"",""type"":""unknown"",""image_quality"":{""good"":true,""frontal"":true,""good_illumination"":true}}"
45. whose-auto-insurance-provider-to-use-after-a-car-accident-story.jpg,130092,"{""caption"":"""",""public_domain"":""no"",""image_url"":""""}",2,0,"{""name"":""polygon"",""all_points_x"":[156,258,384,478,517,529,540,543,545,543,528,528,517,517,520,539,548,549,579,584,596,609,621,634,642,643,642,637,632,628,626,621,637,643,643,643,624,603,571,557,512,446,404,362,325,297,281,259,226,206,181,148,116,97,84,73,67,66,64,87,97,100,106,128,128,116,95,98,117,139,148],""all_points_y"":[574,571,565,565,565,556,570,592,606,618,623,642,657,670,688,687,696,706,712,723,723,707,701,674,657,677,692,699,724,738,749,760,762,768,777,793,830,855,857,849,868,884,891,890,877,873,876,882,891,896,896,894,891,888,884,876,868,687,681,692,706,710,692,690,681,662,642,624,610,599,598]}","{""name"":""not_defined"",""type"":""unknown"",""image_quality"":{""good"":true,""frontal"":true,""good_illumination"":true}}"
45. whose-auto-insurance-provider-to-use-after-a-car-accident-story.jpg,130092,"{""caption"":"""",""public_domain"":""no"",""image_url"":""""}",2,1,"{""name"":""polygon"",""all_points_x"":[514,535,526,570,621,660,707,732,734,746,748,743,740,741,674,634,542],""all_points_y"":[484,475,460,468,470,464,460,456,465,479,487,520,581,637,637,634,587]}","{""name"":""not_defined"",""type"":""unknown"",""image_quality"":{""good"":true,""frontal"":true,""good_illumination"":true}}"
47. car_accident_-_write_off.jpg,129843,"{""caption"":"""",""public_domain"":""no"",""image_url"":""""}",1,0,"{""name"":""polygon"",""all_points_x"":[688,709,734,746,752,757,756,752,756,727,723,718,707,704,690,684],""all_points_y"":[293,278,273,284,301,317,345,367,393,414,414,414,395,368,342,318]}","{""name"":""not_defined"",""type"":""unknown"",""image_quality"":{""good"":true,""frontal"":true,""good_illumination"":true}}"
48. bigstock-car-accident-933793.jpg,187078,"{""caption"":"""",""public_domain"":""no"",""image_url"":""""}",1,0,"{""name"":""polygon"",""all_points_x"":[315,345,401,454,512,642,809,843,874,902,926,933,941,949,954,954,946,921,913,915,898,880,865,844,868,855,674,592,515,465,456,326,298,304,297,297,309,314,317,334,343],""all_points_y"":[322,290,275,259,248,226,212,229,256,289,315,343,392,453,518,579,635,707,721,740,796,816,835,849,868,899,840,826,812,818,812,626,587,570,545,514,425,414,403,396,396]}","{""name"":""not_defined"",""type"":""unknown"",""image_quality"":{""good"":true,""frontal"":true,""good_illumination"":true}}"
49. 1.2019-hail-damage-file-image-1001-565.jpg,87553,"{""caption"":"""",""public_domain"":""no"",""image_url"":""""}",9,0,"{""name"":""polygon"",""all_points_x"":[273,293,309,311,306,293,281,267,268],""all_points_y"":[793,791,801,813,829,834,834,824,805]}","{""name"":""not_defined"",""type"":""unknown"",""image_quality"":{""good"":true,""frontal"":true,""good_illumination"":true}}"
49. 1.2019-hail-damage-file-image-1001-565.jpg,87553,"{""caption"":"""",""public_domain"":""no"",""image_url"":""""}",9,1,"{""name"":""polygon"",""all_points_x"":[451,465,451,429,418,418,434,445],""all_points_y"":[631,649,654,662,651,631,624,621]}","{""name"":""not_defined"",""type"":""unknown"",""image_quality"":{""good"":true,""frontal"":true,""good_illumination"":true}}"
49. 1.2019-hail-damage-file-image-1001-565.jpg,87553,"{""caption"":"""",""public_domain"":""no"",""image_url"":""""}",9,2,"{""name"":""polygon"",""all_points_x"":[479,496,503,503,503,503,500,487,478,471,465,462,464],""all_points_y"":[693,699,704,715,721,732,734,737,740,740,731,715,706]}","{""name"":""not_defined"",""type"":""unknown"",""image_quality"":{""good"":true,""frontal"":true,""good_illumination"":true}}"
49. 1.2019-hail-damage-file-image-1001-565.jpg,87553,"{""caption"":"""",""public_domain"":""no"",""image_url"":""""}",9,3,"{""name"":""polygon"",""all_points_x"":[289,290,286,268,245,244,254,261],""all_points_y"":[648,668,681,690,674,662,649,649]}","{""name"":""not_defined"",""type"":""unknown"",""image_quality"":{""good"":true,""frontal"":true,""good_illumination"":true}}"
49. 1.2019-hail-damage-file-image-1001-565.jpg,87553,"{""caption"":"""",""public_domain"":""no"",""image_url"":""""}",9,4,"{""name"":""polygon"",""all_points_x"":[640,657,665,670,665,651,640,637,623,610],""all_points_y"":[643,654,657,662,674,692,692,692,676,665]}","{""name"":""not_defined"",""type"":""unknown"",""image_quality"":{""good"":true,""frontal"":true,""good_illumination"":true}}"
49. 1.2019-hail-damage-file-image-1001-565.jpg,87553,"{""caption"":"""",""public_domain"":""no"",""image_url"":""""}",9,5,"{""name"":""polygon"",""all_points_x"":[690,713,721,721,721,709,692,687,671,671,671],""all_points_y"":[565,571,582,595,609,610,615,615,599,587,584]}","{""name"":""not_defined"",""type"":""unknown"",""image_quality"":{""good"":true,""frontal"":true,""good_illumination"":true}}"
49. 1.2019-hail-damage-file-image-1001-565.jpg,87553,"{""caption"":"""",""public_domain"":""no"",""image_url"":""""}",9,6,"{""name"":""polygon"",""all_points_x"":[723,726,726,712,699,692,681,681,690,702],""all_points_y"":[649,659,673,690,693,692,674,667,656,652]}","{""name"":""not_defined"",""type"":""unknown"",""image_quality"":{""good"":true,""frontal"":true,""good_illumination"":true}}"
49. 1.2019-hail-damage-file-image-1001-565.jpg,87553,"{""caption"":"""",""public_domain"":""no"",""image_url"":""""}",9,7,"{""name"":""polygon"",""all_points_x"":[445,448,459,457,431,421,411,409,409,417],""all_points_y"":[935,943,955,968,1002,996,988,979,963,955]}","{""name"":""not_defined"",""type"":""unknown"",""image_quality"":{""good"":true,""frontal"":true,""good_illumination"":true}}"
49. 1.2019-hail-damage-file-image-1001-565.jpg,87553,"{""caption"":"""",""public_domain"":""no"",""image_url"":""""}",9,8,"{""name"":""polygon"",""all_points_x"":[671,668,648,638,632,634,640,649,660,668],""all_points_y"":[780,801,805,801,790,774,771,766,766,766]}","{""name"":""not_defined"",""type"":""unknown"",""image_quality"":{""good"":true,""frontal"":true,""good_illumination"":true}}"
51. car-accident.jpg,145228,"{""caption"":"""",""public_domain"":""no"",""image_url"":""""}",2,0,"{""name"":""polygon"",""all_points_x"":[8,47,122,186,203,306,434,440,436,454,460,460,479,509,549,548,553,565,585,607,626,640,659,660,651,652,654,648,667,668,668,671,690,702,724,732,741,740,721,688,652,620,570,560,534,178,159,159,147,122,91,48,16],""all_points_y"":[120,114,116,131,139,100,136,172,189,214,250,270,287,332,400,421,450,468,479,479,484,446,434,462,481,498,517,542,534,556,579,587,590,613,659,707,757,821,837,843,849,849,846,795,756,729,734,787,824,871,893,904,896]}","{""name"":""not_defined"",""type"":""unknown"",""image_quality"":{""good"":true,""frontal"":true,""good_illumination"":true}}"
51. car-accident.jpg,145228,"{""caption"":"""",""public_domain"":""no"",""image_url"":""""}",2,1,"{""name"":""polygon"",""all_points_x"":[565,585,596,604,643,670,684,734,776,830,821,835,866,890,899,908,938,971,1002,1021,1019,929,927,921,910,894,863,849,832,816,799,782,759,746,749,731,698,673,665,651,649,659,659,652,637,632,603,567,562],""all_points_y"":[456,420,367,334,325,314,293,267,262,223,190,159,150,133,144,150,128,112,101,105,612,667,713,754,774,799,793,802,801,790,795,804,818,818,756,662,593,581,535,537,487,464,437,425,450,484,482,468,453]}","{""name"":""not_defined"",""type"":""unknown"",""image_quality"":{""good"":true,""frontal"":true,""good_illumination"":true}}"
52. 1749985693001_5761224383001_5761210480001-vs.jpg,76423,"{""caption"":"""",""public_domain"":""no"",""image_url"":""""}",1,0,"{""name"":""polygon"",""all_points_x"":[340,283,297,323,356,389,423,437,478,515,557,598,609,621,660,668,663,651,628,592,571,551,534,518,471,467],""all_points_y"":[89,153,187,236,258,279,308,329,308,314,348,406,436,393,462,437,381,312,256,256,247,201,151,108,112,130]}","{""name"":""not_defined"",""type"":""unknown"",""image_quality"":{""good"":true,""frontal"":true,""good_illumination"":true}}"
53. complete-loss-of-automobile-300x212.jpg,87214,"{""caption"":"""",""public_domain"":""no"",""image_url"":""""}",1,0,"{""name"":""polygon"",""all_points_x"":[41,42,70,109,142,159,156,140,109,139,136,140,153,176,203,222,201,197,204,215,231,239,233,253,262,290,276,272,329,417,534,690,871,918,893,885,898,932,949,968,968,993,993,987,976,957,951,946,940,912,876,851,829,835,824,807,780,720,677,596,506,379,297,281,265,242,209,178,116,80,59],""all_points_y"":[827,741,643,596,585,578,506,470,396,381,343,292,236,225,251,262,298,323,315,325,262,242,211,201,206,183,173,147,150,81,44,25,19,22,108,172,244,354,423,526,607,695,787,837,869,880,933,972,1007,1022,1018,1005,977,951,926,957,974,993,1005,1007,987,933,896,912,949,980,1008,1010,1007,974,938]}","{""name"":""not_defined"",""type"":""unknown"",""image_quality"":{""good"":true,""frontal"":true,""good_illumination"":true}}"
54. hamilton-1553148197.jpg,120990,"{""caption"":"""",""public_domain"":""no"",""image_url"":""""}",1,0,"{""name"":""polygon"",""all_points_x"":[287,336,386,407,451,518,559,593,635,637,634,635,652,688,709,757,851,905,940,963,965,281],""all_points_y"":[780,780,788,791,807,830,826,823,823,846,876,908,915,912,899,894,921,933,938,962,974,985]}","{""name"":""not_defined"",""type"":""unknown"",""image_quality"":{""good"":true,""frontal"":true,""good_illumination"":true}}"
55. minor-major.jpg,94320,"{""caption"":"""",""public_domain"":""no"",""image_url"":""""}",1,0,"{""name"":""polygon"",""all_points_x"":[229,247,303,379,448,559,595,615,590,576,576,598,603,628,613,582,532,381,339,287,272],""all_points_y"":[763,673,532,370,275,180,161,159,206,237,276,334,401,457,562,617,685,768,790,796,796]}","{""name"":""not_defined"",""type"":""unknown"",""image_quality"":{""good"":true,""frontal"":true,""good_illumination"":true}}"
57. 26086583-damage-on-the-car-rear-bumper.jpg,90016,"{""caption"":"""",""public_domain"":""no"",""image_url"":""""}",3,0,"{""name"":""polygon"",""all_points_x"":[273,292,300,293,292,342,356,406,471,520,532,531,546,579,671,721,749,762,832,891,913,926,913,865,765,674,581,496,381,315],""all_points_y"":[105,175,229,253,293,293,298,311,281,258,283,325,375,398,437,439,479,520,545,468,418,362,293,219,144,87,67,37,86,87]}","{""name"":""not_defined"",""type"":""unknown"",""image_quality"":{""good"":true,""frontal"":true,""good_illumination"":true}}"
57. 26086583-damage-on-the-car-rear-bumper.jpg,90016,"{""caption"":"""",""public_domain"":""no"",""image_url"":""""}",3,1,"{""name"":""polygon"",""all_points_x"":[340,292,295,325,353,393,393,401,428,432,446,450,426,401],""all_points_y"":[606,585,607,631,642,688,723,762,759,731,721,688,660,637]}","{""name"":""not_defined"",""type"":""unknown"",""image_quality"":{""good"":true,""frontal"":true,""good_illumination"":true}}"
57. 26086583-damage-on-the-car-rear-bumper.jpg,90016,"{""caption"":"""",""public_domain"":""no"",""image_url"":""""}",3,2,"{""name"":""polygon"",""all_points_x"":[490,523,565,596,623,640,696,731,765,770,734,734,759,777,810,823,816,776,760,756,746,734,659,642,609,590,565,531,521,501],""all_points_y"":[712,724,731,724,718,706,687,681,681,693,712,731,738,756,766,780,798,830,855,891,916,927,943,935,913,880,869,849,812,793]}","{""name"":""not_defined"",""type"":""unknown"",""image_quality"":{""good"":true,""frontal"":true,""good_illumination"":true}}"
58. car-accident-1538175_960_720.jpg,217252,"{""caption"":"""",""public_domain"":""no"",""image_url"":""""}",1,0,"{""name"":""polygon"",""all_points_x"":[150,245,326,384,411,434,459,493,521,565,637,671,768,785,780,721,702,729,735,765,784,796,796,785,780,779,779,779,727,690,682,696,701,727,752,765,782,799,807,816,818,824,785,724,690,665,634,623,631,615,596,576,567,549,532,514,501,485,484,476,473,467,439,428,409,404,390,345,283,258,214,170,147,147,147,131,116,116,114,130,139,140,161,162,165,165,147],""all_points_y"":[220,165,125,105,123,94,84,53,36,28,31,36,89,105,125,200,244,275,308,328,368,398,437,468,504,531,559,573,635,648,649,677,692,682,685,710,731,773,796,818,840,848,859,844,823,799,752,720,762,788,805,812,813,812,810,802,790,765,743,709,681,674,688,693,706,713,724,724,667,656,634,578,551,518,481,465,418,393,362,382,401,376,364,343,315,300,276]}","{""name"":""not_defined"",""type"":""unknown"",""image_quality"":{""good"":true,""frontal"":true,""good_illumination"":true}}"
59. caraccident7-kegb--621x414@livemint.jpg,104406,"{""caption"":"""",""public_domain"":""no"",""image_url"":""""}",1,0,"{""name"":""polygon"",""all_points_x"":[89,170,244,240,144,134,34,12,103,228,284,354,406,457,468,375,372,293,340,390,347,309,279],""all_points_y"":[879,835,599,529,503,340,287,262,254,258,279,323,370,421,437,462,476,576,585,635,718,824,899]}","{""name"":""not_defined"",""type"":""unknown"",""image_quality"":{""good"":true,""frontal"":true,""good_illumination"":true}}"
60. car_20repair.jpg,91093,"{""caption"":"""",""public_domain"":""no"",""image_url"":""""}",1,0,"{""name"":""polygon"",""all_points_x"":[173,214,286,353,439,465,509,560,578,632,660,682,815,919,979,1018,1018,955,256,161,131,120,89,151,158,148,159,176,165,153,165],""all_points_y"":[151,220,251,268,267,240,250,287,328,379,414,443,418,379,339,314,979,1019,1022,980,948,905,582,571,571,492,425,387,311,300,162]}","{""name"":""not_defined"",""type"":""unknown"",""image_quality"":{""good"":true,""frontal"":true,""good_illumination"":true}}"
61. 2-dscn3900.jpg,108749,"{""caption"":"""",""public_domain"":""no"",""image_url"":""""}",1,0,"{""name"":""polygon"",""all_points_x"":[340,381,404,429,465,446,451,439,421,426,423,420,414,396,373,359,348,343],""all_points_y"":[592,610,628,635,668,690,706,724,735,762,793,824,843,852,848,834,809,780]}","{""name"":""not_defined"",""type"":""unknown"",""image_quality"":{""good"":true,""frontal"":true,""good_illumination"":true}}"
62. bumper-damage-1.jpg,176631,"{""caption"":"""",""public_domain"":""no"",""image_url"":""""}",1,0,"{""name"":""polygon"",""all_points_x"":[395,409,429,446,440,468,489,498,679,713,735,746,748,745,745,743,743,765,777,785,790,790,790,796,796,796,809,815,809,732,545,490,448,421,418,417,395,378,375,403,423,412,384,384,389],""all_points_y"":[774,762,718,699,657,674,688,715,735,712,706,706,720,749,773,790,804,788,793,815,837,862,880,899,916,930,968,1005,1019,1022,1021,999,985,980,958,929,923,924,877,868,868,849,834,812,796]}","{""name"":""not_defined"",""type"":""unknown"",""image_quality"":{""good"":true,""frontal"":true,""good_illumination"":true}}"
64. 190313_schadenet_kostprijs_schadeherstel.jpg,108473,"{""caption"":"""",""public_domain"":""no"",""image_url"":""""}",1,0,"{""name"":""polygon"",""all_points_x"":[190,247,300,303,325,342,364,372,372,379,395,421,454,482,510,500,507,506,503,503,500,429,417,389,365,353,332,311,303,258,222,180,209],""all_points_y"":[556,506,453,442,459,465,468,462,524,553,557,556,539,526,510,551,581,613,667,693,718,766,780,804,827,837,835,830,809,692,651,632,601]}","{""name"":""not_defined"",""type"":""unknown"",""image_quality"":{""good"":true,""frontal"":true,""good_illumination"":true}}"
65. ph-car-damage-8.jpg,168686,"{""caption"":"""",""public_domain"":""no"",""image_url"":""""}",1,0,"{""name"":""polygon"",""all_points_x"":[16,52,111,155,183,211,229,273,320,378,406,439,484,635,707,756,809,877,887,901,888,871,894,908,918,927,930,927,915,933,943,927,904,890,869,859,838,815,810,859,805,773,706,532,428,365,326,301,272,247,206,158,126,250,223,158,109,47],""all_points_y"":[144,67,23,5,2,2,3,17,30,47,64,83,87,125,142,167,194,256,279,292,306,312,342,364,412,453,507,543,564,581,620,634,635,632,648,665,692,710,741,743,816,827,848,866,868,849,791,737,732,582,506,425,389,317,297,237,181,144]}","{""name"":""not_defined"",""type"":""unknown"",""image_quality"":{""good"":true,""frontal"":true,""good_illumination"":true}}"
68. maxresdefault.jpg,152736,"{""caption"":"""",""public_domain"":""no"",""image_url"":""""}",1,0,"{""name"":""polygon"",""all_points_x"":[379,375,370,372,384,409,437,428,417],""all_points_y"":[556,565,581,588,588,584,573,568,567]}","{""name"":""not_defined"",""type"":""unknown"",""image_quality"":{""good"":true,""frontal"":true,""good_illumination"":true}}"
69. 920x920.jpg,173580,"{""caption"":"""",""public_domain"":""no"",""image_url"":""""}",1,0,"{""name"":""polygon"",""all_points_x"":[440,443,453,464,460,460,454,470,496,503,503,504,529,559,588,624,637,660,684,696,702,701,718,727,740,752,765,768,780,798,807,807,793,777,796,766,752,731,715,726,724,729,754,710,684,677,690,698,685,692,692,688,698,701,702,695,684,640,578,576,490,470,434,409,403],""all_points_y"":[601,638,679,731,770,815,841,852,849,812,765,737,696,677,668,667,667,677,698,716,693,682,671,671,677,679,671,668,668,668,662,649,624,596,609,593,581,578,564,546,534,506,493,489,476,475,450,409,393,381,368,348,340,318,286,268,250,276,309,351,543,539,534,539,556]}","{""name"":""not_defined"",""type"":""unknown"",""image_quality"":{""good"":true,""frontal"":true,""good_illumination"":true}}"
71. damage-forza-horizon-4.jpg,174244,"{""caption"":"""",""public_domain"":""no"",""image_url"":""""}",1,0,"{""name"":""polygon"",""all_points_x"":[16,31,52,73,94,117,130,147,156,170,180,203,219,248,283,311,340,359,370,379,386,395,409,431,445,468,479,496,507,520,514,509,478,432,393,372,347,265,194,150,122,106,61,19,3],""all_points_y"":[540,495,468,453,448,443,429,404,375,337,326,320,317,314,318,325,331,337,350,378,396,428,453,476,489,493,510,531,568,642,818,876,912,924,938,916,894,894,887,880,880,899,882,852,821]}","{""name"":""not_defined"",""type"":""unknown"",""image_quality"":{""good"":true,""frontal"":true,""good_illumination"":true}}"
72. pic_352.jpg,89757,"{""caption"":"""",""public_domain"":""no"",""image_url"":""""}",2,0,"{""name"":""polygon"",""all_points_x"":[34,105,172,183,225,564,759,671,676,679,684,621,603,542,528,448,387,322,265,178,34,5,3,17,44],""all_points_y"":[112,67,31,22,23,52,194,167,201,250,300,245,194,169,180,359,414,509,493,467,414,392,384,261,150]}","{""name"":""not_defined"",""type"":""unknown"",""image_quality"":{""good"":true,""frontal"":true,""good_illumination"":true}}"
72. pic_352.jpg,89757,"{""caption"":"""",""public_domain"":""no"",""image_url"":""""}",2,1,"{""name"":""polygon"",""all_points_x"":[84,122,189,237,328,412,481,528,551,659,674,676,674,640,603,450,423,387,328,236,203,172,134,112,98,94],""all_points_y"":[524,528,545,557,585,632,673,731,718,743,782,829,874,926,926,823,790,762,741,699,643,618,596,587,562,562]}","{""name"":""not_defined"",""type"":""unknown"",""image_quality"":{""good"":true,""frontal"":true,""good_illumination"":true}}"
75. seathwaite-damaged-car-01-1200.jpg,143695,"{""caption"":"""",""public_domain"":""no"",""image_url"":""""}",4,0,"{""name"":""polygon"",""all_points_x"":[347,359,390,421,432,396],""all_points_y"":[315,272,192,123,125,343]}","{""name"":""not_defined"",""type"":""unknown"",""image_quality"":{""good"":true,""frontal"":true,""good_illumination"":true}}"
75. seathwaite-damaged-car-01-1200.jpg,143695,"{""caption"":"""",""public_domain"":""no"",""image_url"":""""}",4,1,"{""name"":""polygon"",""all_points_x"":[322,407,467,515,556,573,590,603,348,334,329,331,347,314,315],""all_points_y"":[643,624,617,599,606,623,512,493,329,326,348,406,495,551,578]}","{""name"":""not_defined"",""type"":""unknown"",""image_quality"":{""good"":true,""frontal"":true,""good_illumination"":true}}"
75. seathwaite-damaged-car-01-1200.jpg,143695,"{""caption"":"""",""public_domain"":""no"",""image_url"":""""}",4,2,"{""name"":""polygon"",""all_points_x"":[253,281,286,301,315,315,262,247,228,222,225,234],""all_points_y"":[350,332,320,318,325,303,287,262,256,311,336,340]}","{""name"":""not_defined"",""type"":""unknown"",""image_quality"":{""good"":true,""frontal"":true,""good_illumination"":true}}"
75. seathwaite-damaged-car-01-1200.jpg,143695,"{""caption"":"""",""public_domain"":""no"",""image_url"":""""}",4,3,"{""name"":""polygon"",""all_points_x"":[158,189,240,219],""all_points_y"":[816,782,799,843]}","{""name"":""not_defined"",""type"":""unknown"",""image_quality"":{""good"":true,""frontal"":true,""good_illumination"":true}}"
77. gettyimages-128117694-597bf97e054ad9001138d1ee.jpg,124051,"{""caption"":"""",""public_domain"":""no"",""image_url"":""""}",1,0,"{""name"":""polygon"",""all_points_x"":[47,815,1015,1010,542,165],""all_points_y"":[231,61,272,582,1021,1007]}","{""name"":""not_defined"",""type"":""unknown"",""image_quality"":{""good"":true,""frontal"":true,""good_illumination"":true}}"
78. car_accident_-_what_to_do_next.jpg,91048,"{""caption"":"""",""public_domain"":""no"",""image_url"":""""}",1,0,"{""name"":""polygon"",""all_points_x"":[283,304,328,353,370,382,428,487,531,564,606,667,674,713,756,854,940,966,987,994,988,969],""all_points_y"":[5,31,73,106,133,153,87,33,14,2,12,81,106,98,126,142,153,136,106,70,33,3]}","{""name"":""not_defined"",""type"":""unknown"",""image_quality"":{""good"":true,""frontal"":true,""good_illumination"":true}}"
79. alfa-romeo-car-front-end-damage-bgmdwm.jpg,136337,"{""caption"":"""",""public_domain"":""no"",""image_url"":""""}",1,0,"{""name"":""polygon"",""all_points_x"":[456,456,443,443,470,482,475,465,462,468,476,557,576,581,574,545,520,467,459,440,398,372,372,392,403,407,396,395,395,404,396,378,403,401,404,423,425,428,429],""all_points_y"":[818,787,754,741,723,687,659,626,596,565,557,556,556,520,500,468,459,462,493,476,465,512,540,556,556,568,587,618,646,674,695,695,727,749,770,805,818,818,810]}","{""name"":""not_defined"",""type"":""unknown"",""image_quality"":{""good"":true,""frontal"":true,""good_illumination"":true}}"
81. awi.sized.jpg,113168,"{""caption"":"""",""public_domain"":""no"",""image_url"":""""}",2,0,"{""name"":""polygon"",""all_points_x"":[251,265,268,303,322,343,359,365,365,359,343,328,317,301,289,270,267],""all_points_y"":[562,524,487,468,464,468,490,551,574,587,588,574,564,560,574,581,581]}","{""name"":""not_defined"",""type"":""unknown"",""image_quality"":{""good"":true,""frontal"":true,""good_illumination"":true}}"
81. awi.sized.jpg,113168,"{""caption"":"""",""public_domain"":""no"",""image_url"":""""}",2,1,"{""name"":""polygon"",""all_points_x"":[485,465,445,429,425,415,396,423,442,445,462,482,551,599,646,688,760,802,827,840,846,854,852,849,849,820,807,802,804,809,830,840,840,830,776,757,726,681,635,621,601,565,540,503],""all_points_y"":[372,418,462,496,560,617,648,674,721,838,887,933,962,957,943,919,859,829,793,760,720,687,649,624,593,568,564,535,514,506,484,467,445,425,387,379,370,367,368,368,357,334,314,318]}","{""name"":""not_defined"",""type"":""unknown"",""image_quality"":{""good"":true,""frontal"":true,""good_illumination"":true}}"
82. ptsd.jpg,58796,"{""caption"":"""",""public_domain"":""no"",""image_url"":""""}",1,0,"{""name"":""polygon"",""all_points_x"":[487,526,542,584,599,609,618,621,659,685,704,731,735,746,748,768,754,799,824,821,679,698,779,830,876,837,773,732,740,727,712,692,632,578,564,537,412,0,142,170,119,105,114,133,198,209,262,308,362,423,440,448,459,465,492],""all_points_y"":[649,637,657,671,643,606,581,548,543,549,556,559,535,512,498,526,556,652,579,539,384,381,445,496,281,262,258,258,220,156,114,95,86,87,56,23,2,3,81,131,144,206,295,343,365,362,350,331,325,325,340,393,442,485,571]}","{""name"":""not_defined"",""type"":""unknown"",""image_quality"":{""good"":true,""frontal"":true,""good_illumination"":true}}"
83. using-car-accident-location-of-damage-to-determine-liability.jpg,117276,"{""caption"":"""",""public_domain"":""no"",""image_url"":""""}",3,0,"{""name"":""polygon"",""all_points_x"":[665,693,685,696,684,685,690,699,709,712,721,724,702,690,671,671,673,649,626,618,553,532,531,559,570,571,606,615,609,581,570,609,606,617,612,618,628,632,640],""all_points_y"":[80,176,225,247,367,409,432,456,468,467,465,615,665,718,799,859,879,877,891,877,929,962,924,773,768,780,756,734,718,726,720,604,556,504,393,311,219,159,144]}","{""name"":""not_defined"",""type"":""unknown"",""image_quality"":{""good"":true,""frontal"":true,""good_illumination"":true}}"
83. using-car-accident-location-of-damage-to-determine-liability.jpg,117276,"{""caption"":"""",""public_domain"":""no"",""image_url"":""""}",3,1,"{""name"":""polygon"",""all_points_x"":[312,392,470,540,578,560,540,518,496,492,557,574,546,482,387,323,304],""all_points_y"":[495,481,462,453,442,431,421,412,404,381,364,351,336,343,384,412,428]}","{""name"":""not_defined"",""type"":""unknown"",""image_quality"":{""good"":true,""frontal"":true,""good_illumination"":true}}"
83. using-car-accident-location-of-damage-to-determine-liability.jpg,117276,"{""caption"":"""",""public_domain"":""no"",""image_url"":""""}",3,2,"{""name"":""polygon"",""all_points_x"":[471,473,470,481,504,523,545,579,585,592,601,598,568,556,506],""all_points_y"":[524,532,543,556,567,564,557,531,528,524,506,500,492,493,515]}","{""name"":""not_defined"",""type"":""unknown"",""image_quality"":{""good"":true,""frontal"":true,""good_illumination"":true}}"
84. temgwjs.jpg,122324,"{""caption"":"""",""public_domain"":""no"",""image_url"":""""}",2,0,"{""name"":""polygon"",""all_points_x"":[325,503,692,788,887,915,921,896,874,827,735,593,524,465,382,303,267],""all_points_y"":[94,114,109,125,148,181,229,275,320,345,354,337,323,283,234,192,140]}","{""name"":""not_defined"",""type"":""unknown"",""image_quality"":{""good"":true,""frontal"":true,""good_illumination"":true}}"
84. temgwjs.jpg,122324,"{""caption"":"""",""public_domain"":""no"",""image_url"":""""}",2,1,"{""name"":""polygon"",""all_points_x"":[584,657,754,844,868,852,840,788,671,637,560,532],""all_points_y"":[710,721,712,712,737,780,805,816,832,805,749,731]}","{""name"":""not_defined"",""type"":""unknown"",""image_quality"":{""good"":true,""frontal"":true,""good_illumination"":true}}"
85. car-accident-side.jpg,79239,"{""caption"":"""",""public_domain"":""no"",""image_url"":""""}",1,0,"{""name"":""polygon"",""all_points_x"":[94,520,578,590,632,656,638,180,133,106,97],""all_points_y"":[206,194,200,265,279,337,788,723,629,478,412]}","{""name"":""not_defined"",""type"":""unknown"",""image_quality"":{""good"":true,""frontal"":true,""good_illumination"":true}}"
86. will-the-at-fault-party-pay-your-car-accident-injury-damage-expenses.jpg,121460,"{""caption"":"""",""public_domain"":""no"",""image_url"":""""}",3,0,"{""name"":""polygon"",""all_points_x"":[315,297,350,396,451,479,479,468,459,468,479,504,454,384,331,290,292,297],""all_points_y"":[659,660,668,642,606,585,607,613,618,632,648,665,681,735,746,743,687,667]}","{""name"":""not_defined"",""type"":""unknown"",""image_quality"":{""good"":true,""frontal"":true,""good_illumination"":true}}"
86. will-the-at-fault-party-pay-your-car-accident-injury-damage-expenses.jpg,121460,"{""caption"":"""",""public_domain"":""no"",""image_url"":""""}",3,1,"{""name"":""polygon"",""all_points_x"":[436,453,471,496,503,504,500,460,440,434],""all_points_y"":[734,715,695,684,681,713,737,743,756,756]}","{""name"":""not_defined"",""type"":""unknown"",""image_quality"":{""good"":true,""frontal"":true,""good_illumination"":true}}"
86. will-the-at-fault-party-pay-your-car-accident-injury-damage-expenses.jpg,121460,"{""caption"":"""",""public_domain"":""no"",""image_url"":""""}",3,2,"{""name"":""polygon"",""all_points_x"":[518,551,565,581,579,588,598,596,603,612,590,581,573,565,546,526,512,478,468,464,493,512,514,492,515,517,532,545,571,567,578,528,518,514],""all_points_y"":[506,506,523,534,612,662,690,724,757,799,835,874,915,943,912,919,921,962,976,955,862,849,832,824,749,734,734,759,754,720,698,673,684,674]}","{""name"":""not_defined"",""type"":""unknown"",""image_quality"":{""good"":true,""frontal"":true,""good_illumination"":true}}"
87. accident-fiesta.jpg,81983,"{""caption"":"""",""public_domain"":""no"",""image_url"":""""}",2,0,"{""name"":""polygon"",""all_points_x"":[445,465,549,585,609,621,626,628,613,610,615,621,618,590,560,509,475,459],""all_points_y"":[537,356,261,258,261,281,301,320,345,381,436,465,501,517,542,543,543,545]}","{""name"":""not_defined"",""type"":""unknown"",""image_quality"":{""good"":true,""frontal"":true,""good_illumination"":true}}"
87. accident-fiesta.jpg,81983,"{""caption"":"""",""public_domain"":""no"",""image_url"":""""}",2,1,"{""name"":""polygon"",""all_points_x"":[529,528,535,559,584,607,603,584,576],""all_points_y"":[779,718,674,659,676,715,741,763,770]}","{""name"":""not_defined"",""type"":""unknown"",""image_quality"":{""good"":true,""frontal"":true,""good_illumination"":true}}"